,id,title,url,image_url,price_amount,price_currency,_validation,keyword
0,50010627,DualShock 4 Wireless Controller for PlayStation 4 - Magma Red,https://www.target.com/p/dualshock-4-wireless-controller-for-playstation-4-magma-red/-/A-50010627,https://target.scene7.com/is/image/Target/GUEST_8c3ed027-978c-421e-a2f6-013eb7f5d21b,64.99,$,"defaultdict(<class 'list'>, {'price_currency': ['No sigue la norma ISO']})",play station
1,52034828,Melissa &#38; Doug Wooden Scoop and Serve Ice Cream Counter (20pc) - Play Food and Accessories,https://www.target.com/p/melissa-38-doug-wooden-scoop-and-serve-ice-cream-counter-20pc-play-food-and-accessories/-/A-52034828,https://target.scene7.com/is/image/Target/GUEST_3e882012-659c-4b98-9775-ce463766e62f,31.04,$,"defaultdict(<class 'list'>, {'price_currency': ['No sigue la norma ISO']})",play station
2,77419246,Nintendo Switch Lite - Gray,https://www.target.com/p/nintendo-switch-lite-gray/-/A-77419246,https://target.scene7.com/is/image/Target/GUEST_a518da4f-4173-47d1-baf4-b326344e3721,199.99,$,"defaultdict(<class 'list'>, {'price_currency': ['No sigue la norma ISO']})",play station
3,78787393,INSTEN Dual Charging Station Stand with Cooling Fan compatible with Sony PS4/ PS4 Slim,https://www.target.com/p/insten-dual-charging-station-stand-with-cooling-fan-compatible-with-sony-ps4-ps4-slim/-/A-78787393,https://target.scene7.com/is/image/Target/GUEST_6b5c91ef-4734-411a-aa91-becce6ebfa43,24.99,$,"defaultdict(<class 'list'>, {'price_currency': ['No sigue la norma ISO']})",play station
4,79559318,Delta Children Lil Play Station 4-in-1 Activity Walker - Floral Garden,https://www.target.com/p/delta-children-lil-play-station-4-in-1-activity-walker-floral-garden/-/A-79559318,https://target.scene7.com/is/image/Target/GUEST_fa56b899-cffb-4ced-ae5e-07c3d02175ac,99.99,$,"defaultdict(<class 'list'>, {'price_currency': ['No sigue la norma ISO']})",play station
5,80110467,Turtle Beach Stealth 700 Gen 2 Wireless Gaming Headset for Xbox One/Series X|S - Black,https://www.target.com/p/turtle-beach-stealth-700-gen-2-wireless-gaming-headset-for-xbox-one-series-x-s-black/-/A-80110467,https://target.scene7.com/is/image/Target/GUEST_750d8193-4b39-4822-9391-92d4be31a101,149.99,$,"defaultdict(<class 'list'>, {'price_currency': ['No sigue la norma ISO']})",play station
6,80110468,Turtle Beach Stealth 600 Gen 2 Wireless Gaming Headset for Xbox Series X|S/Xbox One - White,https://www.target.com/p/turtle-beach-stealth-600-gen-2-wireless-gaming-headset-for-xbox-series-x-s-xbox-one-white/-/A-80110468,https://target.scene7.com/is/image/Target/GUEST_84a573c0-8cea-4704-80f4-bc9391089fce,99.99,$,"defaultdict(<class 'list'>, {'price_currency': ['No sigue la norma ISO']})",play station
7,80110535,PowerA Play &#38; Charge Kit - Xbox One/Series X|S,https://www.target.com/p/powera-play-38-charge-kit-xbox-one-series-x-s/-/A-80110535,https://target.scene7.com/is/image/Target/GUEST_a94bf9ce-20a5-4b94-afbf-8e70ee895141,12.99,$,"defaultdict(<class 'list'>, {'price_currency': ['No sigue la norma ISO']})",play station
8,80124596,Little Tikes Exclusive Farmers Market Playhouse,https://www.target.com/p/little-tikes-exclusive-farmers-market-playhouse/-/A-80124596,https://target.scene7.com/is/image/Target/GUEST_8b5cdd6b-2816-47e7-88c9-0bbeed5887d0,179.99,$,"defaultdict(<class 'list'>, {'price_currency': ['No sigue la norma ISO']})",play station
9,80166823,Tony Hawk&#39;s: Pro Skater 1 + 2 - PlayStation 4,https://www.target.com/p/tony-hawk-39-s-pro-skater-1-2-playstation-4/-/A-80166823,https://target.scene7.com/is/image/Target/GUEST_d9ece697-b6e0-4751-aa5e-c18ec8a4fc18,33.99,$,"defaultdict(<class 'list'>, {'price_currency': ['No sigue la norma ISO']})",play station
10,81114477,DualSense Wireless Controller for PlayStation 5 - White/Black,https://www.target.com/p/dualsense-wireless-controller-for-playstation-5-white-black/-/A-81114477,https://target.scene7.com/is/image/Target/GUEST_0bc15a96-3522-4847-8a48-8960806c41d5,69.99,$,"defaultdict(<class 'list'>, {'price_currency': ['No sigue la norma ISO']})",play station
11,81409674,Immortals Fenyx Rising - PlayStation 5,https://www.target.com/p/immortals-fenyx-rising-playstation-5/-/A-81409674,https://target.scene7.com/is/image/Target/GUEST_3f0da078-c08e-456d-93db-47098f4eae6f,29.99,$,"defaultdict(<class 'list'>, {'price_currency': ['No sigue la norma ISO']})",play station
12,81411311,"Insten Adjustable Charging Dock Stand for Nintendo Switch & Switch Lite Docking Station with USB C Port, Gray",https://www.target.com/p/insten-adjustable-charging-dock-stand-for-nintendo-switch-switch-lite-docking-station-with-usb-c-port-gray/-/A-81411311,https://target.scene7.com/is/image/Target/GUEST_dd66167c-a7b9-444e-8bd7-842c7224177a,15.99,$,"defaultdict(<class 'list'>, {'price_currency': ['No sigue la norma ISO']})",play station
13,81411346,"Insten Adjustable Charging Dock Stand for Nintendo Switch & Switch Lite Docking Station with USB C Port, Blue",https://www.target.com/p/insten-adjustable-charging-dock-stand-for-nintendo-switch-switch-lite-docking-station-with-usb-c-port-blue/-/A-81411346,https://target.scene7.com/is/image/Target/GUEST_8b960db3-6adb-4692-af7d-fb52d7a5a0de,15.99,$,"defaultdict(<class 'list'>, {'price_currency': ['No sigue la norma ISO']})",play station
14,81411348,"Insten Adjustable Charging Dock Stand for Nintendo Switch & Switch Lite Docking Station with USB C Port, Yellow",https://www.target.com/p/insten-adjustable-charging-dock-stand-for-nintendo-switch-switch-lite-docking-station-with-usb-c-port-yellow/-/A-81411348,https://target.scene7.com/is/image/Target/GUEST_a100b26c-00fe-4766-ac1c-93729f7bbb68,15.99,$,"defaultdict(<class 'list'>, {'price_currency': ['No sigue la norma ISO']})",play station
15,81411368,Insten For Nintendo Switch Joy-Con Controller Charging Dock Station Joy Con RGB LED Flash Light Indicator Charger Stand,https://www.target.com/p/insten-for-nintendo-switch-joy-con-controller-charging-dock-station-joy-con-rgb-led-flash-light-indicator-charger-stand/-/A-81411368,https://target.scene7.com/is/image/Target/GUEST_7b48eeeb-b869-4c35-8389-5d0f2b03b3cb,18.99,$,"defaultdict(<class 'list'>, {'price_currency': ['No sigue la norma ISO']})",play station
16,81411378,"Insten Adjustable Charging Dock Stand for Nintendo Switch & Switch Lite Docking Station with USB C Port, Black",https://www.target.com/p/insten-adjustable-charging-dock-stand-for-nintendo-switch-switch-lite-docking-station-with-usb-c-port-black/-/A-81411378,https://target.scene7.com/is/image/Target/GUEST_e592cb10-aa3a-4a5d-b1fd-33fe4be55c7c,15.99,$,"defaultdict(<class 'list'>, {'price_currency': ['No sigue la norma ISO']})",play station
17,81546041,Godfall: Deluxe Edition - PlayStation 5,https://www.target.com/p/godfall-deluxe-edition-playstation-5/-/A-81546041,https://target.scene7.com/is/image/Target/GUEST_68622ee1-f19d-4ff9-89ae-131c8a15a56c,89.99,$,"defaultdict(<class 'list'>, {'price_currency': ['No sigue la norma ISO']})",play station
18,82067701,The Last Kids on Earth and the Staff of Doom - PlayStation 4,https://www.target.com/p/the-last-kids-on-earth-and-the-staff-of-doom-playstation-4/-/A-82067701,https://target.scene7.com/is/image/Target/GUEST_cb14b484-17da-4092-9754-23ae6c232a9f,39.99,$,"defaultdict(<class 'list'>, {'price_currency': ['No sigue la norma ISO']})",play station
19,82150636,"Insten - Controller Charger Station Compatible with Sony Playstation PS5 Controller, LED Indicator, Dual Charge, White",https://www.target.com/p/insten-controller-charger-station-compatible-with-sony-playstation-ps5-controller-led-indicator-dual-charge-white/-/A-82150636,https://target.scene7.com/is/image/Target/GUEST_752ce480-eea8-4e34-9b73-0ed45c256a93,23.99,$,"defaultdict(<class 'list'>, {'price_currency': ['No sigue la norma ISO']})",play station
20,82150637,"Insten - Controller Charger Station Compatible with Sony Playstation PS5 Controller, LED Indicator, Dual Charge, Black",https://www.target.com/p/insten-controller-charger-station-compatible-with-sony-playstation-ps5-controller-led-indicator-dual-charge-black/-/A-82150637,https://target.scene7.com/is/image/Target/GUEST_f7e1c180-12fd-48cc-ab2d-160d4211a476,23.99,$,"defaultdict(<class 'list'>, {'price_currency': ['No sigue la norma ISO']})",play station
21,82323387,"Insten Charging Station for Xbox Series X S (2020) Controller, Dual USB-C Fast Controllers Charger Dock, Black",https://www.target.com/p/insten-charging-station-for-xbox-series-x-s-2020-controller-dual-usb-c-fast-controllers-charger-dock-black/-/A-82323387,https://target.scene7.com/is/image/Target/GUEST_5591c650-8146-4b61-ab8f-70c30ca160eb,19.99,$,"defaultdict(<class 'list'>, {'price_currency': ['No sigue la norma ISO']})",play station
22,82323388,"Insten Charging Station for PS5 Controller, Dual USB-C Fast Controllers Charger Dock with LED Indicator, Black",https://www.target.com/p/insten-charging-station-for-ps5-controller-dual-usb-c-fast-controllers-charger-dock-with-led-indicator-black/-/A-82323388,https://target.scene7.com/is/image/Target/GUEST_642dec76-6dd6-4291-a5a8-7589ec8c6140,18.99,$,"defaultdict(<class 'list'>, {'price_currency': ['No sigue la norma ISO']})",play station
23,82323876,"Best Choice Products Play Doctor Kit for Kids, Pretend Medical Station Set with Carrying Case, Mobile Cart",https://www.target.com/p/best-choice-products-play-doctor-kit-for-kids-pretend-medical-station-set-with-carrying-case-mobile-cart/-/A-82323876,https://target.scene7.com/is/image/Target/GUEST_87ca61a5-98dc-45dd-b805-f1d93e08adf8,42.99,$,"defaultdict(<class 'list'>, {'price_currency': ['No sigue la norma ISO']})",play station
24,82340797,MLB The Show 21 PlayStation 5,https://www.target.com/p/mlb-the-show-21-playstation-5/-/A-82340797,https://target.scene7.com/is/image/Target/GUEST_8784a8a3-0b92-4b9f-b075-d9c8e546f4db,69.99,$,"defaultdict(<class 'list'>, {'price_currency': ['No sigue la norma ISO']})",play station
25,82539867,Tony Hawk Pro Skater 1 + 2 - PlayStation 5,https://www.target.com/p/tony-hawk-pro-skater-1-2-playstation-5/-/A-82539867,https://target.scene7.com/is/image/Target/GUEST_cdd72aa7-ae9f-4961-a68a-325b87a86b7d,49.99,$,"defaultdict(<class 'list'>, {'price_currency': ['No sigue la norma ISO']})",play station
26,82629069,Final Fantasy VII: Remake Intergrade - PlayStation 5,https://www.target.com/p/final-fantasy-vii-remake-intergrade-playstation-5/-/A-82629069,https://target.scene7.com/is/image/Target/GUEST_9590cbc4-ddc3-4125-bab2-57a6f8b8f3ed,69.99,$,"defaultdict(<class 'list'>, {'price_currency': ['No sigue la norma ISO']})",play station
27,83349094,"Hape E3050 Metro Police Station Play Toy Set with Helicopter, Landing Pad, Police Car, Police Officer, Prisoner Action Figure, and More Accessories",https://www.target.com/p/hape-e3050-metro-police-station-play-toy-set-with-helicopter-landing-pad-police-car-police-officer-prisoner-action-figure-and-more-accessories/-/A-83349094,https://target.scene7.com/is/image/Target/GUEST_66b0b3e4-43e7-4299-bd8a-67c854aa1955,55.99,$,"defaultdict(<class 'list'>, {'price_currency': ['No sigue la norma ISO']})",play station
28,51433628,Everlast 9' Speed Rope - Black,https://www.target.com/p/everlast-9-speed-rope-black/-/A-51433628,https://target.scene7.com/is/image/Target/GUEST_1d694e61-ac1e-4bca-9e0c-1dc872a6df22,10.99,$,"defaultdict(<class 'list'>, {'price_currency': ['No sigue la norma ISO']})",rope
29,52560992,Ignite by SPRI Segmented Jump Rope,https://www.target.com/p/ignite-by-spri-segmented-jump-rope/-/A-52560992,https://target.scene7.com/is/image/Target/GUEST_b80a7564-3660-47e6-8e1f-8902262df969,10.99,$,"defaultdict(<class 'list'>, {'price_currency': ['No sigue la norma ISO']})",rope
30,53192988,Decorative Coiled Rope Floor Basket White - Threshold&#8482;,https://www.target.com/p/decorative-coiled-rope-floor-basket-white-threshold-8482/-/A-53192988,https://target.scene7.com/is/image/Target/GUEST_f904cd20-9da9-431b-a522-4ff69900fe4d,30.0,$,"defaultdict(<class 'list'>, {'price_currency': ['No sigue la norma ISO']})",rope
31,53193156,13&#34; Decorative Coiled Rope Square Base Tapered Basket Cream - Threshold&#8482;,https://www.target.com/p/13-34-decorative-coiled-rope-square-base-tapered-basket-cream-threshold-8482/-/A-53193156,https://target.scene7.com/is/image/Target/GUEST_68ea79d3-fd08-4b20-a528-b7d4bea00e19,16.0,$,"defaultdict(<class 'list'>, {'price_currency': ['No sigue la norma ISO']})",rope
32,53193322,11&#34; Decorative Coiled Rope Square Base Tapered Basket Cream - Threshold&#8482;,https://www.target.com/p/11-34-decorative-coiled-rope-square-base-tapered-basket-cream-threshold-8482/-/A-53193322,https://target.scene7.com/is/image/Target/GUEST_16619316-a531-4d0d-bc30-674f0bf10fee,12.0,$,"defaultdict(<class 'list'>, {'price_currency': ['No sigue la norma ISO']})",rope
33,54144898,UST Heavy Duty Cord 30' - Black,https://www.target.com/p/ust-heavy-duty-cord-30-black/-/A-54144898,https://target.scene7.com/is/image/Target/GUEST_ce332d4e-6394-4657-93be-4037ef0d34b4,4.99,$,"defaultdict(<class 'list'>, {'price_currency': ['No sigue la norma ISO']})",rope
34,54144920,UST Heavy Duty Cord 100' - Green Camouflage,https://www.target.com/p/ust-heavy-duty-cord-100-green-camouflage/-/A-54144920,https://target.scene7.com/is/image/Target/GUEST_577a3105-2a6d-43e2-ac71-b9f76a7a3cde,8.99,$,"defaultdict(<class 'list'>, {'price_currency': ['No sigue la norma ISO']})",rope
35,75664378,Rope Dog Toy - XL - Boots &#38; Barkley&#8482;,https://www.target.com/p/rope-dog-toy-xl-boots-38-barkley-8482/-/A-75664378,https://target.scene7.com/is/image/Target/GUEST_8ef3a4bd-8535-4870-87f1-91a48630f451,9.99,$,"defaultdict(<class 'list'>, {'price_currency': ['No sigue la norma ISO']})",rope
36,76158552,Dog Rope Toy - S - Boots &#38; Barkley&#8482;,https://www.target.com/p/dog-rope-toy-s-boots-38-barkley-8482/-/A-76158552,https://target.scene7.com/is/image/Target/GUEST_db7563bc-d5d6-43e7-b79c-819f3c79dcb8,1.99,$,"defaultdict(<class 'list'>, {'price_currency': ['No sigue la norma ISO']})",rope
37,76158563,Dog Rope Toy - 4 Knot - L - Boots &#38; Barkley&#8482;,https://www.target.com/p/dog-rope-toy-4-knot-l-boots-38-barkley-8482/-/A-76158563,https://target.scene7.com/is/image/Target/GUEST_c9d87953-035a-4451-b363-3fa3772fc5c4,6.99,$,"defaultdict(<class 'list'>, {'price_currency': ['No sigue la norma ISO']})",rope
38,76158900,Dog Rope Toy - Mini - Boots &#38; Barkley&#8482;,https://www.target.com/p/dog-rope-toy-mini-boots-38-barkley-8482/-/A-76158900,https://target.scene7.com/is/image/Target/GUEST_bb1c12f3-abdb-438b-ba73-52d25d70f26a,0.99,$,"defaultdict(<class 'list'>, {'price_currency': ['No sigue la norma ISO']})",rope
39,76556286,Coiled Rope Basket White - Opalhouse&#8482;,https://www.target.com/p/coiled-rope-basket-white-opalhouse-8482/-/A-76556286,https://target.scene7.com/is/image/Target/GUEST_ab3a3073-e6a1-496f-8bf4-5f2b05dd3be8,9.0,$,"defaultdict(<class 'list'>, {'price_currency': ['No sigue la norma ISO']})",rope
40,77459812,Speed Rope Gray - All in Motion&#8482;,https://www.target.com/p/speed-rope-gray-all-in-motion-8482/-/A-77459812,https://target.scene7.com/is/image/Target/GUEST_260b218f-e0ec-498d-a460-256a11da5a48,5.99,$,"defaultdict(<class 'list'>, {'price_currency': ['No sigue la norma ISO']})",rope
41,78171042,Striped Storage Basket with Cotton Rope 12.5&#34; x 19&#34; White/Gray - Olivia &#38; May,https://www.target.com/p/striped-storage-basket-with-cotton-rope-12-5-34-x-19-34-white-gray-olivia-38-may/-/A-78171042,https://target.scene7.com/is/image/Target/GUEST_05459b3b-34c9-4687-86bb-63fd10316403,153.42,$,"defaultdict(<class 'list'>, {'price_currency': ['No sigue la norma ISO']})",rope
42,80037828,13&#34; Coiled Rope Gray - Threshold&#8482;,https://www.target.com/p/13-34-coiled-rope-gray-threshold-8482/-/A-80037828,https://target.scene7.com/is/image/Target/GUEST_d84e3a2a-1bf7-4fc6-8d2a-d9e0fa475109,9.6,$,"defaultdict(<class 'list'>, {'price_currency': ['No sigue la norma ISO']})",rope
43,80037829,Large Coiled Rope Fishtail Weave Basket with Faux Leather Accent Gray - Project 62&#8482;,https://www.target.com/p/large-coiled-rope-fishtail-weave-basket-with-faux-leather-accent-gray-project-62-8482/-/A-80037829,https://target.scene7.com/is/image/Target/GUEST_21c7ec9b-f7c5-4513-9317-99f2dc6d705c,14.4,$,"defaultdict(<class 'list'>, {'price_currency': ['No sigue la norma ISO']})",rope
44,80037832,17&#39;&#39; Coiled Rope Tapered Basket Gray - Threshold&#8482;,https://www.target.com/p/17-39-39-coiled-rope-tapered-basket-gray-threshold-8482/-/A-80037832,https://target.scene7.com/is/image/Target/GUEST_00870c03-b7aa-4322-928b-d54b1eaba29a,30.0,$,"defaultdict(<class 'list'>, {'price_currency': ['No sigue la norma ISO']})",rope
45,80038033,17&#34; Coiled Rope Floor Bin Warm Gray Charcoal - Threshold&#8482;,https://www.target.com/p/17-34-coiled-rope-floor-bin-warm-gray-charcoal-threshold-8482/-/A-80038033,https://target.scene7.com/is/image/Target/GUEST_a92d02ca-bc64-4f24-b3c9-1a4394d05530,30.0,$,"defaultdict(<class 'list'>, {'price_currency': ['No sigue la norma ISO']})",rope
46,80372688,18&#34; x 14&#34; Rope Basket Cream - Project 62&#8482;,https://www.target.com/p/18-34-x-14-34-rope-basket-cream-project-62-8482/-/A-80372688,https://target.scene7.com/is/image/Target/GUEST_2dad8ae1-fe02-48c2-aaf1-099fa6dea32a,35.0,$,"defaultdict(<class 'list'>, {'price_currency': ['No sigue la norma ISO']})",rope
47,80372691,11&#34; x 15&#34; Braided Basket with Rope Natural/White - Opalhouse&#8482;,https://www.target.com/p/11-34-x-15-34-braided-basket-with-rope-natural-white-opalhouse-8482/-/A-80372691,https://target.scene7.com/is/image/Target/GUEST_da63394f-837d-45cf-a74a-103c4287051b,30.0,$,"defaultdict(<class 'list'>, {'price_currency': ['No sigue la norma ISO']})",rope
48,81874820,"Coghlan's Orange Poly Cord, 50 feet of 1/4-inch Braided Nylon Cord Reusable Rope",https://www.target.com/p/coghlan-s-orange-poly-cord-50-feet-of-1-4-inch-braided-nylon-cord-reusable-rope/-/A-81874820,https://target.scene7.com/is/image/Target/GUEST_46426f10-914c-4a04-b3e1-eda307116e56,6.99,$,"defaultdict(<class 'list'>, {'price_currency': ['No sigue la norma ISO']})",rope
49,81874827,"Coghlan's Camouflage Poly Cord, 50' Polypropylene Rope, Camping Survival Tool",https://www.target.com/p/coghlan-s-camouflage-poly-cord-50-polypropylene-rope-camping-survival-tool/-/A-81874827,https://target.scene7.com/is/image/Target/GUEST_aeaeaccf-356f-4613-a5f2-c21781572849,6.99,$,"defaultdict(<class 'list'>, {'price_currency': ['No sigue la norma ISO']})",rope
50,81965477,"Juvale Natural Jute Rope Ribbon Twine, 25-Yard Roll (0.5 Inches)",https://www.target.com/p/juvale-natural-jute-rope-ribbon-twine-25-yard-roll-0-5-inches/-/A-81965477,https://target.scene7.com/is/image/Target/GUEST_1e8981fe-4eef-4750-a0b8-8f556c4a40bb,13.99,$,"defaultdict(<class 'list'>, {'price_currency': ['No sigue la norma ISO']})",rope
51,15667584,Artificial Ficus Tree - (6&#34;),https://www.target.com/p/artificial-ficus-tree-6-34/-/A-15667584,https://target.scene7.com/is/image/Target/GUEST_c98df869-e860-4c86-b455-acd2c09f06f7,67.99,$,"defaultdict(<class 'list'>, {'price_currency': ['No sigue la norma ISO']})",tree
52,52494901,6&#39; Artificial Potted Fiddle Tree - Vickerman,https://www.target.com/p/6-39-artificial-potted-fiddle-tree-vickerman/-/A-52494901,https://target.scene7.com/is/image/Target/GUEST_65efc18d-e852-4c1b-8801-c7694ca7ff6b,125.39,$,"defaultdict(<class 'list'>, {'price_currency': ['No sigue la norma ISO']})",tree
53,52952446,Artificial Tree 38&#34; - LCG Florals,https://www.target.com/p/artificial-tree-38-34-lcg-florals/-/A-52952446,https://target.scene7.com/is/image/Target/GUEST_52a1f3bd-7d6e-4396-82fc-900deafde974,41.59,$,"defaultdict(<class 'list'>, {'price_currency': ['No sigue la norma ISO']})",tree
54,52957466,6&#39; Artificial Tree - LCG Florals,https://www.target.com/p/6-39-artificial-tree-lcg-florals/-/A-52957466,https://target.scene7.com/is/image/Target/GUEST_c5fb98c7-53c2-4a07-8803-629a567d197e,74.39,$,"defaultdict(<class 'list'>, {'price_currency': ['No sigue la norma ISO']})",tree
55,79493198,76.5&#34;x 30&#34; Artificial Olive Tree in Ceramic Pot - Threshold&#8482; designed with Studio McGee,https://www.target.com/p/76-5-34-x-30-34-artificial-olive-tree-in-ceramic-pot-threshold-8482-designed-with-studio-mcgee/-/A-79493198,https://target.scene7.com/is/image/Target/GUEST_6754287e-8f9f-4365-95da-09a8ddfc62c1,150.0,$,"defaultdict(<class 'list'>, {'price_currency': ['No sigue la norma ISO']})",tree
56,79524171,Faux Eucalyptus Tree - Threshold&#8482; designed with Studio McGee,https://www.target.com/p/faux-eucalyptus-tree-threshold-8482-designed-with-studio-mcgee/-/A-79524171,https://target.scene7.com/is/image/Target/GUEST_1f2b9c25-0e76-4f7e-a9f1-feff30186f10,170.0,$,"defaultdict(<class 'list'>, {'price_currency': ['No sigue la norma ISO']})",tree
57,79796794,Faux Monstera in Basket Pot Brown/Green - Opalhouse&#8482;,https://www.target.com/p/faux-monstera-in-basket-pot-brown-green-opalhouse-8482/-/A-79796794,https://target.scene7.com/is/image/Target/GUEST_2036bd57-83db-49b8-859d-16968a4286e9,20.0,$,"defaultdict(<class 'list'>, {'price_currency': ['No sigue la norma ISO']})",tree
58,79796799,Faux Dracaena Plant Gray/Green - Project 62&#8482;,https://www.target.com/p/faux-dracaena-plant-gray-green-project-62-8482/-/A-79796799,https://target.scene7.com/is/image/Target/GUEST_322da83d-a579-4ea6-b122-d770b8ffcae3,150.0,$,"defaultdict(<class 'list'>, {'price_currency': ['No sigue la norma ISO']})",tree
59,79796801,Faux Snake Floor Plant in Pot with Legs Gray/Green - Project 62&#8482;,https://www.target.com/p/faux-snake-floor-plant-in-pot-with-legs-gray-green-project-62-8482/-/A-79796801,https://target.scene7.com/is/image/Target/GUEST_707a36d1-7ad0-4b1b-b03f-6406f706c900,90.0,$,"defaultdict(<class 'list'>, {'price_currency': ['No sigue la norma ISO']})",tree
60,79797047,Faux Tropical Purple Diamond Leaf Plant in White Pot - Opalhouse&#8482;,https://www.target.com/p/faux-tropical-purple-diamond-leaf-plant-in-white-pot-opalhouse-8482/-/A-79797047,https://target.scene7.com/is/image/Target/GUEST_59e09537-18ef-482a-a001-373e068d59d0,18.0,$,"defaultdict(<class 'list'>, {'price_currency': ['No sigue la norma ISO']})",tree
61,80183122,Small Faux White Dogwood Flower Arrangement - Hearth &#38; Hand&#8482; with Magnolia,https://www.target.com/p/small-faux-white-dogwood-flower-arrangement-hearth-38-hand-8482-with-magnolia/-/A-80183122,https://target.scene7.com/is/image/Target/GUEST_88549d00-1b60-4795-bc9b-e27d90941954,5.99,$,"defaultdict(<class 'list'>, {'price_currency': ['No sigue la norma ISO']})",tree
62,80183180,39&#34; Faux Audrey Ficus Tree - Hearth &#38; Hand&#8482; with Magnolia,https://www.target.com/p/39-34-faux-audrey-ficus-tree-hearth-38-hand-8482-with-magnolia/-/A-80183180,https://target.scene7.com/is/image/Target/GUEST_38759170-8a02-4dce-8db8-d77e42b13b5a,44.99,$,"defaultdict(<class 'list'>, {'price_currency': ['No sigue la norma ISO']})",tree
63,80371770,28&#34; x 24&#34; Artificial Palm Plant Arrangement in Pot - Threshold&#8482;,https://www.target.com/p/28-34-x-24-34-artificial-palm-plant-arrangement-in-pot-threshold-8482/-/A-80371770,https://target.scene7.com/is/image/Target/GUEST_62e7434e-5a59-4e63-b3fd-a00bb0011967,25.0,$,"defaultdict(<class 'list'>, {'price_currency': ['No sigue la norma ISO']})",tree
64,80371787,36&#34; x 26&#34; Artificial Travelers Banana Leaf in Pot - Project 62&#8482;,https://www.target.com/p/36-34-x-26-34-artificial-travelers-banana-leaf-in-pot-project-62-8482/-/A-80371787,https://target.scene7.com/is/image/Target/GUEST_49801755-811d-42d0-b9eb-e36085e1eee9,30.0,$,"defaultdict(<class 'list'>, {'price_currency': ['No sigue la norma ISO']})",tree
65,80371802,30&#34; x 24&#34; Artificial Olive Plant Arrangement in Pot - Threshold&#8482; designed with Studio McGee,https://www.target.com/p/30-34-x-24-34-artificial-olive-plant-arrangement-in-pot-threshold-8482-designed-with-studio-mcgee/-/A-80371802,https://target.scene7.com/is/image/Target/GUEST_671f2205-0bd6-4732-b69f-46f2f5b89ebb,30.0,$,"defaultdict(<class 'list'>, {'price_currency': ['No sigue la norma ISO']})",tree
66,80371819,21&#34; x 23&#34; Artificial Monstera Arrangement in Ceramic Pot - Project 62&#8482;,https://www.target.com/p/21-34-x-23-34-artificial-monstera-arrangement-in-ceramic-pot-project-62-8482/-/A-80371819,https://target.scene7.com/is/image/Target/GUEST_abda41b3-1ec4-4be7-9a09-148a8753ed3d,25.0,$,"defaultdict(<class 'list'>, {'price_currency': ['No sigue la norma ISO']})",tree
67,80371821,10&#34; x 10&#34; Artificial Eucalyptus Arrangement - Threshold&#8482;,https://www.target.com/p/10-34-x-10-34-artificial-eucalyptus-arrangement-threshold-8482/-/A-80371821,https://target.scene7.com/is/image/Target/GUEST_cf6a8c1d-a2cb-4a8a-aef6-ca3f3b9118fc,5.0,$,"defaultdict(<class 'list'>, {'price_currency': ['No sigue la norma ISO']})",tree
68,80371828,36&#34; x 10&#34; Artificial Snake Plant in Stand - Project 62&#8482;,https://www.target.com/p/36-34-x-10-34-artificial-snake-plant-in-stand-project-62-8482/-/A-80371828,https://target.scene7.com/is/image/Target/GUEST_27c77fba-c405-4b9d-8b70-80ae7684a952,60.0,$,"defaultdict(<class 'list'>, {'price_currency': ['No sigue la norma ISO']})",tree
69,80371853,7&#34; x 11&#34; Artificial Variegated Leaf Arrangement - Threshold&#8482;,https://www.target.com/p/7-34-x-11-34-artificial-variegated-leaf-arrangement-threshold-8482/-/A-80371853,https://target.scene7.com/is/image/Target/GUEST_cc3375e7-b0de-484c-8ba2-9fcabe45d965,5.0,$,"defaultdict(<class 'list'>, {'price_currency': ['No sigue la norma ISO']})",tree
70,80634377,Gratitude Artificial Tree,https://www.target.com/p/gratitude-artificial-tree/-/A-80634377,https://target.scene7.com/is/image/Target/GUEST_3f7ad426-b693-484e-aa49-b36c58585b41,15.0,$,"defaultdict(<class 'list'>, {'price_currency': ['No sigue la norma ISO']})",tree
71,81471692,Kurt Adler 7' Pre-Lit Clear New Brunswick Tree,https://www.target.com/p/kurt-adler-7-pre-lit-clear-new-brunswick-tree/-/A-81471692,https://target.scene7.com/is/image/Target/GUEST_cdd1132e-0032-4720-b1ce-dd1c33e45e94,270.0,$,"defaultdict(<class 'list'>, {'price_currency': ['No sigue la norma ISO']})",tree
72,81599138,68.5&#34; Faux Rubber Tree in Ribbed Pot Black - Hilton Carter for Target,https://www.target.com/p/68-5-34-faux-rubber-tree-in-ribbed-pot-black-hilton-carter-for-target/-/A-81599138,https://target.scene7.com/is/image/Target/GUEST_44f869d7-b7f4-4a62-b9b7-9460507a8d1b,130.0,$,"defaultdict(<class 'list'>, {'price_currency': ['No sigue la norma ISO']})",tree
73,52161278,Mario Kart 8 Deluxe - Nintendo Switch,https://www.target.com/p/mario-kart-8-deluxe-nintendo-switch/-/A-52161278,https://target.scene7.com/is/image/Target/GUEST_57bbec2f-28e8-40ab-885a-ae1976302fdd,59.99,$,"defaultdict(<class 'list'>, {'price_currency': ['No sigue la norma ISO']})",wii
74,78648272,"INSTEN Wired Sensor Bar compatible with Nintendo Wii / Wii U, Black / Silver",https://www.target.com/p/insten-wired-sensor-bar-compatible-with-nintendo-wii-wii-u-black-silver/-/A-78648272,https://target.scene7.com/is/image/Target/GUEST_09689870-91fa-422f-bbae-593d07aa9067,9.99,$,"defaultdict(<class 'list'>, {'price_currency': ['No sigue la norma ISO']})",wii
75,78786982,"INSTEN Silicone Skin Case compatible with  Nintendo Wii / Wii U Remote Controller, White",https://www.target.com/p/insten-silicone-skin-case-compatible-with-nintendo-wii-wii-u-remote-controller-white/-/A-78786982,https://target.scene7.com/is/image/Target/GUEST_62306279-fc6b-4aab-a9e2-3dcd99bf5e7b,6.99,$,"defaultdict(<class 'list'>, {'price_currency': ['No sigue la norma ISO']})",wii
76,78786988,"INSTEN Silicone Skin Case compatible with Nintendo Wii / Wii U Nunchuk, White",https://www.target.com/p/insten-silicone-skin-case-compatible-with-nintendo-wii-wii-u-nunchuk-white/-/A-78786988,https://target.scene7.com/is/image/Target/GUEST_d1f027e9-81f4-46d7-9858-d7257bbb447d,7.99,$,"defaultdict(<class 'list'>, {'price_currency': ['No sigue la norma ISO']})",wii
77,78787038,INSTEN AV Composite Cable compatible with Nintendo Wii / Wii U,https://www.target.com/p/insten-av-composite-cable-compatible-with-nintendo-wii-wii-u/-/A-78787038,https://target.scene7.com/is/image/Target/GUEST_945f51f8-474d-465d-a9a3-1cd9c07268ef,8.99,$,"defaultdict(<class 'list'>, {'price_currency': ['No sigue la norma ISO']})",wii
78,78787400,INSTEN Wireless Sensor Bar compatible with Nintendo Wii / Wii U,https://www.target.com/p/insten-wireless-sensor-bar-compatible-with-nintendo-wii-wii-u/-/A-78787400,https://target.scene7.com/is/image/Target/GUEST_4fb11713-8a14-45ec-a94c-559899a90e79,9.99,$,"defaultdict(<class 'list'>, {'price_currency': ['No sigue la norma ISO']})",wii
79,78787443,INSTEN AC Power Adapter compatible with Nintendo Wii,https://www.target.com/p/insten-ac-power-adapter-compatible-with-nintendo-wii/-/A-78787443,https://target.scene7.com/is/image/Target/GUEST_ae0d5ac5-220a-4d98-8f50-b2e97dbd7d8a,14.99,$,"defaultdict(<class 'list'>, {'price_currency': ['No sigue la norma ISO']})",wii
80,79848536,"INSTEN Premium Component Audio Video Cable compatible with Nintendo Wii / Wii U, 4.67 feet",https://www.target.com/p/insten-premium-component-audio-video-cable-compatible-with-nintendo-wii-wii-u-4-67-feet/-/A-79848536,https://target.scene7.com/is/image/Target/GUEST_d3ff9f21-35cd-4a2b-8f4f-b8c7fb963320,8.99,$,"defaultdict(<class 'list'>, {'price_currency': ['No sigue la norma ISO']})",wii
81,80233014,Insten Dual Remote Controller Charger Charging Dock Station + 2 x Rechargeable Battery for Nintendo Wii / Wii U- White,https://www.target.com/p/insten-dual-remote-controller-charger-charging-dock-station-2-x-rechargeable-battery-for-nintendo-wii-wii-u-white/-/A-80233014,https://target.scene7.com/is/image/Target/GUEST_d90c2590-1549-42ff-a27d-569e6fe2e018,16.99,$,"defaultdict(<class 'list'>, {'price_currency': ['No sigue la norma ISO']})",wii
82,80233022,4 Port Charging Station with 4 Rechargeable Battery compatible with Nintendo Wii / Wii U Remote Control - White,https://www.target.com/p/4-port-charging-station-with-4-rechargeable-battery-compatible-with-nintendo-wii-wii-u-remote-control-white/-/A-80233022,https://target.scene7.com/is/image/Target/GUEST_945626ee-416d-41bd-96b4-dc7619914dea,26.99,$,"defaultdict(<class 'list'>, {'price_currency': ['No sigue la norma ISO']})",wii
83,80301882,Dual Charging Station w/ 2 Rechargeable Batteries & LED Light compatible with Wii / Wii U Remote Control - Black,https://www.target.com/p/dual-charging-station-w-2-rechargeable-batteries-led-light-compatible-with-wii-wii-u-remote-control-black/-/A-80301882,https://target.scene7.com/is/image/Target/GUEST_2be17a88-7dd4-45b7-a33f-c9a921adf453,16.99,$,"defaultdict(<class 'list'>, {'price_currency': ['No sigue la norma ISO']})",wii
84,81875523,Injustice: Gods Among Us - Nintendo Wii-U,https://www.target.com/p/injustice-gods-among-us-nintendo-wii-u/-/A-81875523,https://target.scene7.com/is/image/Target/GUEST_16fc946e-2e7f-4436-b1a3-751e0718e98b,29.99,$,"defaultdict(<class 'list'>, {'price_currency': ['No sigue la norma ISO']})",wii
85,81875547,Mass Effect 3 Wii-U,https://www.target.com/p/mass-effect-3-wii-u/-/A-81875547,https://target.scene7.com/is/image/Target/GUEST_624c4093-45e6-4933-be1d-251f5084909c,24.99,$,"defaultdict(<class 'list'>, {'price_currency': ['No sigue la norma ISO']})",wii
86,81875600,Cars 3: Driven to Win - Nintendo Wii-U,https://www.target.com/p/cars-3-driven-to-win-nintendo-wii-u/-/A-81875600,https://target.scene7.com/is/image/Target/GUEST_48ff26d0-1028-4c16-8cb4-4421ff7be699,21.99,$,"defaultdict(<class 'list'>, {'price_currency': ['No sigue la norma ISO']})",wii
87,81928910,MadWorld - Nintendo Wii ,https://www.target.com/p/madworld-nintendo-wii/-/A-81928910,https://target.scene7.com/is/image/Target/GUEST_ca15b2bf-80fe-4214-a39c-2ff09db30f75,26.99,$,"defaultdict(<class 'list'>, {'price_currency': ['No sigue la norma ISO']})",wii
88,81943942,Excitebots Trick Racing - Nintendo Wii,https://www.target.com/p/excitebots-trick-racing-nintendo-wii/-/A-81943942,https://target.scene7.com/is/image/Target/GUEST_f4026c84-271b-4718-9bca-e26c333ac371,29.99,$,"defaultdict(<class 'list'>, {'price_currency': ['No sigue la norma ISO']})",wii
89,81943956,Pikmin - Nintendo Wii,https://www.target.com/p/pikmin-nintendo-wii/-/A-81943956,https://target.scene7.com/is/image/Target/GUEST_1d506756-968f-4913-9b1f-41c1202c7af6,59.99,$,"defaultdict(<class 'list'>, {'price_currency': ['No sigue la norma ISO']})",wii
90,81943960,Karaoke Revolution Glee Bundle WII,https://www.target.com/p/karaoke-revolution-glee-bundle-wii/-/A-81943960,https://target.scene7.com/is/image/Target/GUEST_948fdd5f-77a9-493d-bec0-24a61d7fa97c,26.99,$,"defaultdict(<class 'list'>, {'price_currency': ['No sigue la norma ISO']})",wii
91,81943966,Beyblade: Metal Fusion - Battle Fortress WII,https://www.target.com/p/beyblade-metal-fusion-battle-fortress-wii/-/A-81943966,https://target.scene7.com/is/image/Target/GUEST_3e86616a-d580-492c-b4c3-605503ecdc02,36.99,$,"defaultdict(<class 'list'>, {'price_currency': ['No sigue la norma ISO']})",wii
92,81943967,Celebrity Sports Showdown WII,https://www.target.com/p/celebrity-sports-showdown-wii/-/A-81943967,https://target.scene7.com/is/image/Target/GUEST_4cd93759-621d-495b-b503-cf8d75e5c55c,16.99,$,"defaultdict(<class 'list'>, {'price_currency': ['No sigue la norma ISO']})",wii
93,81943968,Angry Birds Trilogy WII,https://www.target.com/p/angry-birds-trilogy-wii/-/A-81943968,https://target.scene7.com/is/image/Target/GUEST_3e8c1f8d-6811-40c1-8633-fe7543a4b553,39.99,$,"defaultdict(<class 'list'>, {'price_currency': ['No sigue la norma ISO']})",wii
94,81943983,Trauma Team WII,https://www.target.com/p/trauma-team-wii/-/A-81943983,https://target.scene7.com/is/image/Target/GUEST_dda158ef-479a-46b8-8531-f9376340f173,34.99,$,"defaultdict(<class 'list'>, {'price_currency': ['No sigue la norma ISO']})",wii
95,81944005,Wipeout 2 WII,https://www.target.com/p/wipeout-2-wii/-/A-81944005,https://target.scene7.com/is/image/Target/GUEST_60644386-1d25-4e27-b588-d33203a3e725,32.99,$,"defaultdict(<class 'list'>, {'price_currency': ['No sigue la norma ISO']})",wii
96,81944007,Shrek Forever After WII,https://www.target.com/p/shrek-forever-after-wii/-/A-81944007,https://target.scene7.com/is/image/Target/GUEST_25834e1e-a6e8-4ef1-beea-007c474be68f,21.99,$,"defaultdict(<class 'list'>, {'price_currency': ['No sigue la norma ISO']})",wii
